{
    "mse": 0.8528353091617157,
    "rmse": 0.9234908278709192,
    "mae": 0.7298743755220042,
    "r2": 0.14791146770172137
}